{"accuracy": 0.9702194357366771, "precision": 0.9705950172825196, "recall": 0.9702194357366771, "f1_score": 0.9703133442490142, "confusion_matrix": [[175, 3, 1], [2, 135, 3], [4, 6, 309]]}