{"accuracy": 0.95141065830721, "precision": 0.9541409647082617, "recall": 0.95141065830721, "f1_score": 0.9514947155267357, "confusion_matrix": [[160, 10, 9], [0, 137, 3], [1, 8, 310]]}