{"accuracy": 0.9561128526645768, "precision": 0.9563848011643566, "recall": 0.9561128526645768, "f1_score": 0.9562109765022018, "confusion_matrix": [[170, 6, 3], [4, 132, 4], [7, 4, 308]]}