{"accuracy": 0.9529780564263323, "precision": 0.9533570468674175, "recall": 0.9529780564263323, "f1_score": 0.9530871294744558, "confusion_matrix": [[171, 6, 2], [5, 130, 5], [8, 4, 307]]}